{"local": [-5759.245809433516, -5694.879703500774, 13272.011858035112, 8631.09387049498], "bounds": [355261.2, 3454746.4, 360800.7, 3459005.1, 3.0]}