{"local": [-451.5600068300264, -559.3852994213812, 5897.071751103853, 4562.164629662875], "bounds": [355261.2, 3454746.4, 360800.7, 3459005.1]}